SAISON;DISCIPLINE;RANG;RANG_LIGUE;PRE_INSCRIT;QUOTA;NOM_ABREGE;SEXE_EQUIPE;ARME_EQUIPE;CATEGORIE_CLASSEMENT;CODE_STRUCTURE;NOM_STRUCTURE;ADRESSE_VILLE_SIEGE;SCORE1;SCORE2;SCORE3;MOY_SCORE;CORRESPONDANT_CLUB
2026;T;91;;;;CARQUEFOU;X;CL;Jeune Mixte 2026;1244009;ARCHERS DE L'ERDRE;CARQUEFOU;470;387;271;1128;ioan.legue@gmail.com
2026;T;117;;;;LES SABLES D'OLONNE;X;CL;Jeune Mixte 2026;1285132;LES ARCHERS SABLAIS;OLONNE SUR MER;263;242;215;720;archers.sablais@gmail.com
2026;T;126;;;;MESLAY DU MAINE;X;CL;Jeune Mixte 2026;1253072;CIE ST GEORGES DE MESLAY DU MAINE;MESLAY-DU-MAINE;297;120;113;530;ciestgeorgesmeslay@gmail.com
2026;T;21;;Oui;;CANDE;H;CL;U18/U21 Garńon 2026;1249047;CIE DES ARCHERS DU S.O CANDEEN;CANDE;597;591;568;1756;archersdusocande@gmail.com
2026;T;34;;;;AIZENAY;H;CL;U18/U21 Garńon 2026;1285133;L'ARCHER CLUB D'AIZENAY;AIZENAY;561;491;363;1415;arc.aizenay@gmail.com
2026;T;42;;;;ORVAULT;H;CL;U18/U21 Garńon 2026;1244042;ARCHERS D'ORVAULT;ORVAULT;533;474;261;1268;archers.orvault@gmail.com
2026;T;54;;;;CARQUEFOU;H;CL;U18/U21 Garńon 2026;1244009;ARCHERS DE L'ERDRE;CARQUEFOU;440;199;125;764;ioan.legue@gmail.com
2026;T;27;;D2;;MONTOIR DE BRETAGNE;H;CL;Arc Classique Homme 2026;1244027;LES ARCHERS MONTOIRINS;MONTOIR-DE-BRETAGNE;632;632;584;1848;lesarchersmontoirins@gmail.com
2026;T;28;;D2;;CARQUEFOU;H;CL;Arc Classique Homme 2026;1244009;ARCHERS DE L'ERDRE;CARQUEFOU;629;617;599;1845;ioan.legue@gmail.com
2026;T;34;;D2;;LAIGN╔ SAINT GERVAIS;H;CL;Arc Classique Homme 2026;1272091;CIE ARCHERS DU BELINOIS;LAIGN╔-EN-BELIN;619;609;601;1829;cecile.bertin@orange.fr
2026;T;63;;DR -PDL-Oui;;MURS ERIGNE;H;CL;Arc Classique Homme 2026;1249058;LES ARCHERS DE L'AUBANCE;M█RS-ERIGN╔;609;595;571;1775;peltiermichael3@gmail.com
2026;T;66;;DR -Oui;;ORVAULT;H;CL;Arc Classique Homme 2026;1244042;ARCHERS D'ORVAULT;ORVAULT;606;580;578;1764;archers.orvault@gmail.com
2026;T;69;;DR -Oui;;ANGERS;H;CL;Arc Classique Homme 2026;1249056;S G T A - TIR A L'ARC;ANGERS;612;612;539;1763;benamareric@gmail.com
2026;T;83;;DR ;;MONTAIGU;H;CL;Arc Classique Homme 2026;1285121;LES ARCHERS DE LA DIGUE;MONTAIGU-VEND╔E;606;592;539;1737;archersdeladigue.president@gmail.com
2026;T;94;;DR ;;AIZENAY;H;CL;Arc Classique Homme 2026;1285133;L'ARCHER CLUB D'AIZENAY;AIZENAY;625;564;516;1705;arc.aizenay@gmail.com
2026;T;98;;DR -Oui;;CHOLET TAC;H;CL;Arc Classique Homme 2026;1249050;TIR A L ARC CHOLETAIS;CHOLET;605;557;539;1701;alexis.garnier49@gmail.com
2026;T;101;;DR ;;CANDE;H;CL;Arc Classique Homme 2026;1249047;CIE DES ARCHERS DU S.O CANDEEN;CANDE;591;562;545;1698;archersdusocande@gmail.com
2026;T;131;;DR ;;FONTENAY LE COMTE;H;CL;Arc Classique Homme 2026;1285122;TIR ARC FONTENAISIEN;VELLUIRE;564;559;532;1655;archers.fontenay@gmail.com
2026;T;134;;DR ;;ST MACAIRE EN MAUGES;H;CL;Arc Classique Homme 2026;1249059;LA FLECHE MACAIROISE;SEVREMOINE;568;547;538;1653;loulle49@orange.fr
2026;T;147;;;;LUCON;H;CL;Arc Classique Homme 2026;1285135;ARCHERS RICHELIEU;LUŪON;563;550;517;1630;SAMIOT95@GMAIL.COM
2026;T;151;;DR ;;NANTES;H;CL;Arc Classique Homme 2026;1244044;ARCHERS NANTAIS;NANTES;551;541;531;1623;secretariat.archersnantais@gmail.com
2026;T;161;;DR ;;LA FLECHE;H;CL;Arc Classique Homme 2026;1272098;COMPAGNIE D'ARC DE LA FLECHE;LA FL╚CHE;620;576;416;1612;ciearclafeche@gmail.com
2026;T;163;;DR ;;MAZE;H;CL;Arc Classique Homme 2026;1249049;ARCHERS DU VAL D'AUTHION;MAZE;543;538;529;1610;ava.maze49@gmail.com
2026;T;171;;;;LA FERTE BERNARD;H;CL;Arc Classique Homme 2026;1272112;VSF TIR A L'ARC;CORMES;538;534;517;1589;pilon.fabrice@free.fr
2026;T;189;;;;VERTOU;H;CL;Arc Classique Homme 2026;1244041;CIE ARCHERS DE VERTOU;SAINT-S╔BASTIEN-SUR-LOIRE;580;489;487;1556;bureau@vertouarc.fr
2026;T;194;;;;DONGES;H;CL;Arc Classique Homme 2026;1244010;CIE LES FLECHES DONGEOISES;DONGES;551;536;464;1551;romualdcadoret@gmail.com
2026;T;209;;DR ;;ECOUFLANT;H;CL;Arc Classique Homme 2026;1249071;ARC ECOUFLANT;JUVARDEIL;603;549;348;1500;lejean49@gmail.com
2026;T;216;;;;LE MANS MAINE;H;CL;Arc Classique Homme 2026;1272108;ARC DU MAINE (LE MANS);LE MANS;595;548;342;1485;contacts@arcdumaine.fr
2026;T;293;;;;THOUARE SUR LOIRE;H;CL;Arc Classique Homme 2026;1244003;ARCHERS THOUAREENS;THOUARE SUR LOIRE;497;279;148;924;archersthouareens@yahoo.fr
2026;T;314;;;;CLISSON;H;CL;Arc Classique Homme 2026;1244004;CIE D'ARC OLIVIER DE CLISSON;CLISSON;162;144;136;442;ciearcolison@orange.fr
2026;T;28;;D1;;FONTENAY LE COMTE;F;CL;Arc Classique Femme 2026;1285122;TIR ARC FONTENAISIEN;VELLUIRE;557;556;551;1664;archers.fontenay@gmail.com
2026;T;36;;;;MONTAIGU;F;CL;Arc Classique Femme 2026;1285121;LES ARCHERS DE LA DIGUE;MONTAIGU-VEND╔E;554;553;541;1648;archersdeladigue.president@gmail.com
2026;T;48;;DR -Oui;;ORVAULT;F;CL;Arc Classique Femme 2026;1244042;ARCHERS D'ORVAULT;ORVAULT;561;552;474;1587;archers.orvault@gmail.com
2026;T;53;;D2;;NANTES;F;CL;Arc Classique Femme 2026;1244044;ARCHERS NANTAIS;NANTES;543;522;510;1575;secretariat.archersnantais@gmail.com
2026;T;66;;DR -PDL-Oui;;MURS ERIGNE;F;CL;Arc Classique Femme 2026;1249058;LES ARCHERS DE L'AUBANCE;M█RS-ERIGN╔;576;476;455;1507;peltiermichael3@gmail.com
2026;T;69;;DR ;;LAIGN╔ SAINT GERVAIS;F;CL;Arc Classique Femme 2026;1272091;CIE ARCHERS DU BELINOIS;LAIGN╔-EN-BELIN;565;496;433;1494;cecile.bertin@orange.fr
2026;T;91;;;;MONTOIR DE BRETAGNE;F;CL;Arc Classique Femme 2026;1244027;LES ARCHERS MONTOIRINS;MONTOIR-DE-BRETAGNE;549;451;358;1358;lesarchersmontoirins@gmail.com
2026;T;95;;D2;;CARQUEFOU;F;CL;Arc Classique Femme 2026;1244009;ARCHERS DE L'ERDRE;CARQUEFOU;513;490;326;1329;ioan.legue@gmail.com
2026;T;29;;;;FONTENAY LE COMTE;F;CL;U18/U21 Fille 2026;1285122;TIR ARC FONTENAISIEN;VELLUIRE;557;462;127;1146;archers.fontenay@gmail.com
2026;T;33;;;;CARQUEFOU;F;CL;U18/U21 Fille 2026;1244009;ARCHERS DE L'ERDRE;CARQUEFOU;395;358;318;1071;ioan.legue@gmail.com
2026;T;14;;Oui;;GROSBREUIL;X;CL;Double Mixte Jeune 2026;1285124;ARCHERS DE GROSBREUIL;GROSBREUIL;630;608;0;1238;archersdegrosbreuil@orange.fr
2026;T;41;;;;LAVAL;X;CL;Double Mixte Jeune 2026;1253075;CIE ST GEORGES DE LAVAL;LAVAL;580;569;0;1149;tiralarc.usl@gmail.com
2026;T;43;;;;LES SABLES D'OLONNE;X;CL;Double Mixte Jeune 2026;1285132;LES ARCHERS SABLAIS;OLONNE SUR MER;581;566;0;1147;archers.sablais@gmail.com
2026;T;46;;;;MONTAIGU;X;CL;Double Mixte Jeune 2026;1285121;LES ARCHERS DE LA DIGUE;MONTAIGU-VEND╔E;570;553;0;1123;archersdeladigue.president@gmail.com
2026;T;60;;;;NANTES;X;CL;Double Mixte Jeune 2026;1244044;ARCHERS NANTAIS;NANTES;551;522;0;1073;secretariat.archersnantais@gmail.com
2026;T;64;;;;EVRON;X;CL;Double Mixte Jeune 2026;1253076;CLUB ATHLETIQUE EVRONNAIS;EVRON;540;523;0;1063;gesberts53@orange.fr
2026;T;71;;;;FONTENAY LE COMTE;X;CL;Double Mixte Jeune 2026;1285122;TIR ARC FONTENAISIEN;VELLUIRE;557;488;0;1045;archers.fontenay@gmail.com
2026;T;79;;;;THOUARE SUR LOIRE;X;CL;Double Mixte Jeune 2026;1244003;ARCHERS THOUAREENS;THOUARE SUR LOIRE;530;479;0;1009;archersthouareens@yahoo.fr
2026;T;84;;;;LA RABATELIERE;X;CL;Double Mixte Jeune 2026;1285114;LES CARQUOIS DE GRASLA;LA RABATELIERE;491;484;0;975;b.carquoisdegrasla@gmail.com
2026;T;87;;;;ORVAULT;X;CL;Double Mixte Jeune 2026;1244042;ARCHERS D'ORVAULT;ORVAULT;533;422;0;955;archers.orvault@gmail.com
2026;T;93;;;;BEAUPREAU;X;CL;Double Mixte Jeune 2026;1249054;LA FLECHE AU COEUR DES MAUGES;BEAUPR╔AU-EN-MAUGES;579;312;0;891;infos@tiralarc-beaupreau.fr
2026;T;95;;;;CARQUEFOU;X;CL;Double Mixte Jeune 2026;1244009;ARCHERS DE L'ERDRE;CARQUEFOU;440;395;0;835;ioan.legue@gmail.com
2026;T;18;;;;LA FLECHE;X;CL;Double Mixte Arc Classique 2026;1272098;COMPAGNIE D'ARC DE LA FLECHE;LA FL╚CHE;622;620;0;1242;ciearclafeche@gmail.com
2026;T;41;;;;MURS ERIGNE;X;CL;Double Mixte Arc Classique 2026;1249058;LES ARCHERS DE L'AUBANCE;M█RS-ERIGN╔;609;576;0;1185;peltiermichael3@gmail.com
2026;T;42;;;;LAIGN╔ SAINT GERVAIS;X;CL;Double Mixte Arc Classique 2026;1272091;CIE ARCHERS DU BELINOIS;LAIGN╔-EN-BELIN;619;565;0;1184;cecile.bertin@orange.fr
2026;T;44;;;;MONTOIR DE BRETAGNE;X;CL;Double Mixte Arc Classique 2026;1244027;LES ARCHERS MONTOIRINS;MONTOIR-DE-BRETAGNE;632;549;0;1181;lesarchersmontoirins@gmail.com
2026;T;55;;;;ORVAULT;X;CL;Double Mixte Arc Classique 2026;1244042;ARCHERS D'ORVAULT;ORVAULT;606;561;0;1167;archers.orvault@gmail.com
2026;T;57;;;;MONTAIGU;X;CL;Double Mixte Arc Classique 2026;1285121;LES ARCHERS DE LA DIGUE;MONTAIGU-VEND╔E;606;554;0;1160;archersdeladigue.president@gmail.com
2026;T;63;;;;ANGERS;X;CL;Double Mixte Arc Classique 2026;1249056;S G T A - TIR A L'ARC;ANGERS;612;540;0;1152;benamareric@gmail.com
2026;T;72;;;;CARQUEFOU;X;CL;Double Mixte Arc Classique 2026;1244009;ARCHERS DE L'ERDRE;CARQUEFOU;629;513;0;1142;ioan.legue@gmail.com
2026;T;78;;;;CHOLET TAC;X;CL;Double Mixte Arc Classique 2026;1249050;TIR A L ARC CHOLETAIS;CHOLET;605;529;0;1134;alexis.garnier49@gmail.com
2026;T;85;;;;FONTENAY LE COMTE;X;CL;Double Mixte Arc Classique 2026;1285122;TIR ARC FONTENAISIEN;VELLUIRE;564;557;0;1121;archers.fontenay@gmail.com
2026;T;86;;;;MAZE;X;CL;Double Mixte Arc Classique 2026;1249049;ARCHERS DU VAL D'AUTHION;MAZE;577;543;0;1120;ava.maze49@gmail.com
2026;T;105;;;;NANTES;X;CL;Double Mixte Arc Classique 2026;1244044;ARCHERS NANTAIS;NANTES;551;543;0;1094;secretariat.archersnantais@gmail.com
2026;T;116;;;;AIZENAY;X;CL;Double Mixte Arc Classique 2026;1285133;L'ARCHER CLUB D'AIZENAY;AIZENAY;625;452;0;1077;arc.aizenay@gmail.com
2026;T;118;;;;LES SABLES D'OLONNE;X;CL;Double Mixte Arc Classique 2026;1285132;LES ARCHERS SABLAIS;OLONNE SUR MER;570;501;0;1071;archers.sablais@gmail.com
2026;T;127;;;;EVRON;X;CL;Double Mixte Arc Classique 2026;1253076;CLUB ATHLETIQUE EVRONNAIS;EVRON;540;523;0;1063;gesberts53@orange.fr
2026;T;128;;;;THOUARE SUR LOIRE;X;CL;Double Mixte Arc Classique 2026;1244003;ARCHERS THOUAREENS;THOUARE SUR LOIRE;565;497;0;1062;archersthouareens@yahoo.fr
2026;T;142;;;;LA HAYE FOUASSIERE;X;CL;Double Mixte Arc Classique 2026;1244013;ARC'HAYE;LA HAIE FOUASSIERE;543;485;0;1028;brenot.delphine4@gmail.com
2026;T;160;;;;POUZAUGES;X;CL;Double Mixte Arc Classique 2026;1285128;LES ARCHERS DU HAUT BOCAGE;POUZAUGES;516;473;0;989;archers.pouzauges@orange.fr
2026;T;169;;;;LE BIGNON;X;CL;Double Mixte Arc Classique 2026;1244008;LES ARCHERS DU BIGNON;LE BIGNON;532;436;0;968;gael.tenailleau@free.fr
2026;T;223;;;;ST HERBLAIN;X;CL;Double Mixte Arc Classique 2026;1244002;ARCHERS DE ST HERBLAIN;SAINT-HERBLAIN;494;153;0;647;president.ash@gmail.com
2026;T;235;;;;PONTCHATEAU;X;CL;Double Mixte Arc Classique 2026;1244019;COMPAGNIE DES ARCHERS DU BRIVET;PONTCH┬TEAU;359;136;0;495;lebreton.jeanmichel.jml@gmail.com
2026;T;24;;DR -PDL-Oui;;SAINT GEREON;H;CO;Arc Ó Poulies Homme 2026;1244005;ARCHERS DU GOTHA;ANCENIS-SAINT-G╔R╔ON;683;679;677;2039;archersdugotha@gmail.com
2026;T;51;;DR ;;DONGES;H;CO;Arc Ó Poulies Homme 2026;1244010;CIE LES FLECHES DONGEOISES;DONGES;671;664;662;1997;romualdcadoret@gmail.com
2026;T;53;;DR -Oui;;LA TURBALLE;H;CO;Arc Ó Poulies Homme 2026;1244036;LES FLECHES TURBALLAISES;LA TURBALLE;676;663;649;1988;benjamin.jube44420@gmail.com
2026;T;62;;;;CHOLET TAC;H;CO;Arc Ó Poulies Homme 2026;1249050;TIR A L ARC CHOLETAIS;CHOLET;676;676;623;1975;alexis.garnier49@gmail.com
2026;T;64;;DR ;;CARQUEFOU;H;CO;Arc Ó Poulies Homme 2026;1244009;ARCHERS DE L'ERDRE;CARQUEFOU;673;671;630;1974;ioan.legue@gmail.com
2026;T;87;;DR ;;PORNIC;H;CO;Arc Ó Poulies Homme 2026;1244046;LES ARCHERS PORNICAIS;PORNIC;662;655;623;1940;les.archers.pornicais@gmail.com
2026;T;96;;DR ;;MURS ERIGNE;H;CO;Arc Ó Poulies Homme 2026;1249058;LES ARCHERS DE L'AUBANCE;M█RS-ERIGN╔;646;642;632;1920;peltiermichael3@gmail.com
2026;T;133;;;;SAUMUR;H;CO;Arc Ó Poulies Homme 2026;1249066;JEANNE D'ARC DE SAUMUR TIR A L'ARC;SAUMUR;674;671;423;1768;patrickmartin49@orange.fr
2026;T;147;;;;LE MANS MAINE;H;CO;Arc Ó Poulies Homme 2026;1272108;ARC DU MAINE (LE MANS);LE MANS;573;561;553;1687;contacts@arcdumaine.fr
2026;T;149;;DR ;;AIZENAY;H;CO;Arc Ó Poulies Homme 2026;1285133;L'ARCHER CLUB D'AIZENAY;AIZENAY;668;668;334;1670;arc.aizenay@gmail.com
2026;T;156;;;;LA GARNACHE;H;CO;Arc Ó Poulies Homme 2026;1285113;LES GARNA'ARCHERS;LA GARNACHE;668;659;231;1558;chiron.couthouis@gmail.com
2026;T;158;;;;LE LUART;H;CO;Arc Ó Poulies Homme 2026;1272095;UNION SPORTIVE DU LUART;LE LUART;654;647;215;1516;annemarieaa72@gmail.com
2026;T;161;;;;GROSBREUIL;H;CO;Arc Ó Poulies Homme 2026;1285124;ARCHERS DE GROSBREUIL;GROSBREUIL;660;636;207;1503;archersdegrosbreuil@orange.fr
2026;T;200;;;;CANDE;H;CO;Arc Ó Poulies Homme 2026;1249047;CIE DES ARCHERS DU S.O CANDEEN;CANDE;199;193;189;581;archersdusocande@gmail.com
2026;T;11;;DNAP;;CARQUEFOU;F;CO;Arc Ó Poulies Femme 2026;1244009;ARCHERS DE L'ERDRE;CARQUEFOU;663;657;626;1946;ioan.legue@gmail.com
2026;T;13;;DR -PDL-Oui;;LA GARNACHE;F;CO;Arc Ó Poulies Femme 2026;1285113;LES GARNA'ARCHERS;LA GARNACHE;666;637;627;1930;chiron.couthouis@gmail.com
2026;T;23;;DR -Oui;;CHOLET TAC;F;CO;Arc Ó Poulies Femme 2026;1249050;TIR A L ARC CHOLETAIS;CHOLET;650;617;600;1867;alexis.garnier49@gmail.com
2026;T;48;;;;CANDE;F;CO;Arc Ó Poulies Femme 2026;1249047;CIE DES ARCHERS DU S.O CANDEEN;CANDE;362;199;189;750;archersdusocande@gmail.com
2026;T;25;;;;CARQUEFOU;X;CO;Double Mixte Arc Ó Poulies 2026;1244009;ARCHERS DE L'ERDRE;CARQUEFOU;673;663;0;1336;ioan.legue@gmail.com
2026;T;28;;;;LA GARNACHE;X;CO;Double Mixte Arc Ó Poulies 2026;1285113;LES GARNA'ARCHERS;LA GARNACHE;668;666;0;1334;chiron.couthouis@gmail.com
2026;T;34;;;;CHOLET TAC;X;CO;Double Mixte Arc Ó Poulies 2026;1249050;TIR A L ARC CHOLETAIS;CHOLET;676;650;0;1326;alexis.garnier49@gmail.com
2026;T;45;;Oui;;LA TURBALLE;X;CO;Double Mixte Arc Ó Poulies 2026;1244036;LES FLECHES TURBALLAISES;LA TURBALLE;676;629;0;1305;benjamin.jube44420@gmail.com
2026;T;48;;Oui;;THOUARE SUR LOIRE;X;CO;Double Mixte Arc Ó Poulies 2026;1244003;ARCHERS THOUAREENS;THOUARE SUR LOIRE;674;627;0;1301;archersthouareens@yahoo.fr
2026;T;58;;;;LE LUART;X;CO;Double Mixte Arc Ó Poulies 2026;1272095;UNION SPORTIVE DU LUART;LE LUART;654;635;0;1289;annemarieaa72@gmail.com
2026;T;68;;;;LA HAYE FOUASSIERE;X;CO;Double Mixte Arc Ó Poulies 2026;1244013;ARC'HAYE;LA HAIE FOUASSIERE;644;633;0;1277;brenot.delphine4@gmail.com
2026;T;99;;;;DONGES;X;CO;Double Mixte Arc Ó Poulies 2026;1244010;CIE LES FLECHES DONGEOISES;DONGES;671;394;0;1065;romualdcadoret@gmail.com
2026;T;105;;;;BEAUPREAU;X;CO;Double Mixte Arc Ó Poulies 2026;1249054;LA FLECHE AU COEUR DES MAUGES;BEAUPR╔AU-EN-MAUGES;671;363;0;1034;infos@tiralarc-beaupreau.fr
2026;T;157;;;;CANDE;X;CO;Double Mixte Arc Ó Poulies 2026;1249047;CIE DES ARCHERS DU S.O CANDEEN;CANDE;362;199;0;561;archersdusocande@gmail.com
2026;T;168;;;;FONTENAY LE COMTE;X;CO;Double Mixte Arc Ó Poulies 2026;1285122;TIR ARC FONTENAISIEN;VELLUIRE;167;92;0;259;archers.fontenay@gmail.com
2026;S;18;;;;CARQUEFOU;H;CL;Arc Classique Homme 2026;1244009;ARCHERS DE L'ERDRE;CARQUEFOU;573;565;562;1700;ioan.legue@gmail.com
2026;S;24;;;;LAIGN╔ SAINT GERVAIS;H;CL;Arc Classique Homme 2026;1272091;CIE ARCHERS DU BELINOIS;LAIGN╔-EN-BELIN;565;564;563;1692;cecile.bertin@orange.fr
2026;S;45;;;;MONTOIR DE BRETAGNE;H;CL;Arc Classique Homme 2026;1244027;LES ARCHERS MONTOIRINS;MONTOIR-DE-BRETAGNE;575;558;540;1673;lesarchersmontoirins@gmail.com
2026;S;47;;;;LE MANS MAINE;H;CL;Arc Classique Homme 2026;1272108;ARC DU MAINE (LE MANS);LE MANS;568;553;551;1672;contacts@arcdumaine.fr
2026;S;53;;;;CANDE;H;CL;Arc Classique Homme 2026;1249047;CIE DES ARCHERS DU S.O CANDEEN;CANDE;563;557;545;1665;archersdusocande@gmail.com
2026;S;64;;;;MONTAIGU;H;CL;Arc Classique Homme 2026;1285121;LES ARCHERS DE LA DIGUE;MONTAIGU-VEND╔E;565;557;536;1658;archersdeladigue.president@gmail.com
2026;S;65;;;;ANGERS;H;CL;Arc Classique Homme 2026;1249056;S G T A - TIR A L'ARC;ANGERS;573;542;542;1657;benamareric@gmail.com
2026;S;72;;;;LAVAL;H;CL;Arc Classique Homme 2026;1253075;CIE ST GEORGES DE LAVAL;LAVAL;552;551;549;1652;tiralarc.usl@gmail.com
2026;S;73;;;;MURS ERIGNE;H;CL;Arc Classique Homme 2026;1249058;LES ARCHERS DE L'AUBANCE;M█RS-ERIGN╔;561;558;532;1651;peltiermichael3@gmail.com
2026;S;105;;;;CHOLET TAC;H;CL;Arc Classique Homme 2026;1249050;TIR A L ARC CHOLETAIS;CHOLET;548;548;541;1637;alexis.garnier49@gmail.com
2026;S;112;;;;ORVAULT;H;CL;Arc Classique Homme 2026;1244042;ARCHERS D'ORVAULT;ORVAULT;564;537;533;1634;archers.orvault@gmail.com
2026;S;125;;;;PONTCHATEAU;H;CL;Arc Classique Homme 2026;1244019;COMPAGNIE DES ARCHERS DU BRIVET;PONTCH┬TEAU;550;542;536;1628;lebreton.jeanmichel.jml@gmail.com
2026;S;128;;;;FONTENAY LE COMTE;H;CL;Arc Classique Homme 2026;1285122;TIR ARC FONTENAISIEN;VELLUIRE;555;537;534;1626;archers.fontenay@gmail.com
2026;S;148;;;;DONGES;H;CL;Arc Classique Homme 2026;1244010;CIE LES FLECHES DONGEOISES;DONGES;549;542;529;1620;romualdcadoret@gmail.com
2026;S;154;;;;AIZENAY;H;CL;Arc Classique Homme 2026;1285133;L'ARCHER CLUB D'AIZENAY;AIZENAY;565;527;525;1617;arc.aizenay@gmail.com
2026;S;192;;;;LUCON;H;CL;Arc Classique Homme 2026;1285135;ARCHERS RICHELIEU;LUŪON;544;541;521;1606;SAMIOT95@GMAIL.COM
2026;S;203;;;;ST MACAIRE EN MAUGES;H;CL;Arc Classique Homme 2026;1249059;LA FLECHE MACAIROISE;SEVREMOINE;545;529;528;1602;loulle49@orange.fr
2026;S;220;;;;PIRIAC SUR MER;H;CL;Arc Classique Homme 2026;1244028;LES ARCHERS PIRIACAIS;PIRIAC-SUR-MER;572;536;487;1595;les.archers.piriacais@gmail.com
2026;S;231;;;;SAINT GEREON;H;CL;Arc Classique Homme 2026;1244005;ARCHERS DU GOTHA;ANCENIS-SAINT-G╔R╔ON;538;532;523;1593;archersdugotha@gmail.com
2026;S;234;;;;LA FLECHE;H;CL;Arc Classique Homme 2026;1272098;COMPAGNIE D'ARC DE LA FLECHE;LA FL╚CHE;571;516;505;1592;ciearclafeche@gmail.com
2026;S;253;;;;POUZAUGES;H;CL;Arc Classique Homme 2026;1285128;LES ARCHERS DU HAUT BOCAGE;POUZAUGES;536;531;522;1589;archers.pouzauges@orange.fr
2026;S;264;;;;COUERON;H;CL;Arc Classique Homme 2026;1244025;ETOILE SPORTIVE COUERONNAISE;COU╦RON;535;528;523;1586;alexis@acytem.fr
2026;S;295;;;;CHALLANS;H;CL;Arc Classique Homme 2026;1285134;ARCHERS CHALLANDAIS;CHALLANS;564;518;496;1578;maurice.brebant@icloud.com
2026;S;305;;;;LE FUILET;H;CL;Arc Classique Homme 2026;1249063;ARCHERS DU PARADIS;MONTREVAULT SUR EVRE;537;532;508;1577;archersduparadis49@gmail.com
2026;S;308;;;;NANTES;H;CL;Arc Classique Homme 2026;1244044;ARCHERS NANTAIS;NANTES;531;530;514;1575;secretariat.archersnantais@gmail.com
2026;S;333;;;;ST NAZAIRE;H;CL;Arc Classique Homme 2026;1244024;LES ARCHERS NAZAIRIENS;SAINT-NAZAIRE;530;521;517;1568;throy@orange.fr
2026;S;352;;;;LES SABLES D'OLONNE;H;CL;Arc Classique Homme 2026;1285132;LES ARCHERS SABLAIS;OLONNE SUR MER;529;520;514;1563;archers.sablais@gmail.com
2026;S;355;;;;CHATEAU DU LOIR;H;CL;Arc Classique Homme 2026;1272106;CLUB OMNISPORT CHATEAU DU LOIR;BEAUMONT-PIED-DE-B?UF;521;0;0;521;robert.gonthier@sfr.fr
2026;S;356;;;;LA CHATAIGNERAIE;H;CL;Arc Classique Homme 2026;1285115;TIR A L'ARC DE CHATAIGNERAIE;LOGE-FOUGEREUSE;551;521;490;1562;arc.chataigneraie@gmail.com
2026;S;358;;;;SILLE LE GUILLAUME;H;CL;Arc Classique Homme 2026;1272109;COMPAGNIE DES ARCHERS DE SILLE;SILL╔-LE-GUILLAUME;542;530;489;1561;nathaliebecu@wanadoo.fr
2026;S;369;;;;VERTOU;H;CL;Arc Classique Homme 2026;1244041;CIE ARCHERS DE VERTOU;SAINT-S╔BASTIEN-SUR-LOIRE;533;514;511;1558;bureau@vertouarc.fr
2026;S;370;;;;GROSBREUIL;H;CL;Arc Classique Homme 2026;1285124;ARCHERS DE GROSBREUIL;GROSBREUIL;555;512;490;1557;archersdegrosbreuil@orange.fr
2026;S;376;;;;BASSE GOULAINE;H;CL;Arc Classique Homme 2026;1244011;B.G.A.C.;BASSE GOULAINE;542;535;479;1556;arnaud.julien44@outlook.fr
2026;S;402;;;;MAZE;H;CL;Arc Classique Homme 2026;1249049;ARCHERS DU VAL D'AUTHION;MAZE;520;517;515;1552;ava.maze49@gmail.com
2026;S;406;;;;LE MANS;H;CL;Arc Classique Homme 2026;1272105;SOM TIR A L'ARC;LE MANS;522;517;512;1551;emilie.thomas.lm@gmail.com
2026;S;419;;;;LA TURBALLE;H;CL;Arc Classique Homme 2026;1244036;LES FLECHES TURBALLAISES;LA TURBALLE;560;496;492;1548;benjamin.jube44420@gmail.com
2026;S;422;;;;MAYENNE;H;CL;Arc Classique Homme 2026;1253084;LES CUPIDONS MAYENNAIS;MAYENNE;552;522;472;1546;fabien.gendry@free.fr
2026;S;437;;;;CLISSON;H;CL;Arc Classique Homme 2026;1244004;CIE D'ARC OLIVIER DE CLISSON;CLISSON;532;506;504;1542;ciearcolison@orange.fr
2026;S;462;;;;PORNIC;H;CL;Arc Classique Homme 2026;1244046;LES ARCHERS PORNICAIS;PORNIC;528;515;493;1536;les.archers.pornicais@gmail.com
2026;S;463;;;;LA FERTE BERNARD;H;CL;Arc Classique Homme 2026;1272112;VSF TIR A L'ARC;CORMES;521;516;499;1536;pilon.fabrice@free.fr
2026;S;481;;;;LE BIGNON;H;CL;Arc Classique Homme 2026;1244008;LES ARCHERS DU BIGNON;LE BIGNON;524;508;500;1532;gael.tenailleau@free.fr
2026;S;486;;;;ST HERBLAIN;H;CL;Arc Classique Homme 2026;1244002;ARCHERS DE ST HERBLAIN;SAINT-HERBLAIN;525;506;500;1531;president.ash@gmail.com
2026;S;520;;;;ECOMMOY;H;CL;Arc Classique Homme 2026;1272096;LES ARCHERS D ECOMMOY;╔COMMOY;516;512;497;1525;limajacgue.62@gmail.com
2026;S;550;;;;LA HAYE FOUASSIERE;H;CL;Arc Classique Homme 2026;1244013;ARC'HAYE;LA HAIE FOUASSIERE;508;506;503;1517;brenot.delphine4@gmail.com
2026;S;552;;;;CHATEAU GONTIER;H;CL;Arc Classique Homme 2026;1253085;TIR A L'ARC CHATEAU GONTIER;CH┬TEAU-GONTIER-SUR-MAYENNE;546;495;475;1516;chateaugontier.tiralarc@gmail.com
2026;S;553;;;;SABLE SUR SARTHE;H;CL;Arc Classique Homme 2026;1272090;LES ARCHERS DE SABLE;SABLE SUR SARTHE;537;504;475;1516;chailleuxlionel72@gmail.com
2026;S;604;;;;ETRICH╔;H;CL;Arc Classique Homme 2026;1249065;LES ARCHERS DES 3 MOULINS;╔TRICH╔;564;503;435;1502;sandytiralarc@gmail.com
2026;S;628;;;;THOUARE SUR LOIRE;H;CL;Arc Classique Homme 2026;1244003;ARCHERS THOUAREENS;THOUARE SUR LOIRE;518;495;483;1496;archersthouareens@yahoo.fr
2026;S;633;;;;BOUGUENAIS;H;CL;Arc Classique Homme 2026;1244022;CIE ARCHERS BOUGUENAIS;BOUGUENAIS;508;500;487;1495;mavedine@gmail.com
2026;S;648;;;;CHANTONNAY;H;CL;Arc Classique Homme 2026;1285116;CLUB DES ARCHERS DE CHANTONNAY;CHANTONNAY;522;497;473;1492;arcchantonnay85@gmail.com
2026;S;653;;;;ECOUFLANT;H;CL;Arc Classique Homme 2026;1249071;ARC ECOUFLANT;JUVARDEIL;541;506;444;1491;lejean49@gmail.com
2026;S;683;;;;CHEMILLE;H;CL;Arc Classique Homme 2026;1249061;LES ARCHERS CHEMILLOIS;CHEMILLE;510;498;475;1483;archerschemillois.president@gmail.com
2026;S;692;;;;SAINTE FOY;H;CL;Arc Classique Homme 2026;1285138;LES ROBINS DES FOY;STE FOY;523;494;463;1480;dianehoarau@hotmail.fr
2026;S;717;;;;CHANGE;H;CL;Arc Classique Homme 2026;1253078;LES ARCHERS DE L'US CHANGE;CHANG╔;501;497;478;1476;uschangetiralarc@gmail.com
2026;S;729;;;;BEIGNON BASSET;H;CL;Arc Classique Homme 2026;1285131;AMICALE DU BEIGNON BASSET;LE POIR╔-SUR-VIE;501;492;480;1473;hubertgautierabb@orange.fr
2026;S;752;;;;MESLAY DU MAINE;H;CL;Arc Classique Homme 2026;1253072;CIE ST GEORGES DE MESLAY DU MAINE;MESLAY-DU-MAINE;498;488;481;1467;ciestgeorgesmeslay@gmail.com
2026;S;753;;;;LE GENEST ST ISLE;H;CL;Arc Classique Homme 2026;1253081;UNION SPORTIVE GENESTOISE;LE GENEST-SAINT-ISLE;489;0;0;489;emiliemoreau53@yahoo.fr
2026;S;772;;;;REZE;H;CL;Arc Classique Homme 2026;1244018;LA FLECHE RAGONNAISE;REZE;551;457;453;1461;presidence.flecheragonnaise@gmail.com
2026;S;773;;;;BEAUPREAU;H;CL;Arc Classique Homme 2026;1249054;LA FLECHE AU COEUR DES MAUGES;BEAUPR╔AU-EN-MAUGES;512;481;468;1461;infos@tiralarc-beaupreau.fr
2026;S;786;;;;STAC;H;CL;Arc Classique Homme 2026;1285142;SOCI╔T╔ DE TIR └ L'ARC LA CH┬TAIGNERAIE;LA CH┬TAIGNERAIE;486;0;0;486;performance-services@orange.fr
2026;S;813;;;;LA GARNACHE;H;CL;Arc Classique Homme 2026;1285113;LES GARNA'ARCHERS;LA GARNACHE;508;493;449;1450;chiron.couthouis@gmail.com
2026;S;825;;;;BEAUVOIR SUR MER;H;CL;Arc Classique Homme 2026;1285123;LES ARCHERS DU PAYS DU GOIS;BEAUVOIR-SUR-MER;494;490;462;1446;archers-du-pays-du-gois@laposte.net
2026;S;830;;;;SAUMUR;H;CL;Arc Classique Homme 2026;1249066;JEANNE D'ARC DE SAUMUR TIR A L'ARC;SAUMUR;490;479;475;1444;patrickmartin49@orange.fr
2026;S;881;;;;EVRON;H;CL;Arc Classique Homme 2026;1253076;CLUB ATHLETIQUE EVRONNAIS;EVRON;521;428;0;949;gesberts53@orange.fr
2026;S;883;;;;ROCHE SUR YON;H;CL;Arc Classique Homme 2026;1285126;CIE D'ARCHERS SAINT GEORGES;MOUILLERON-LE-CAPTIF;506;486;431;1423;gwenolalereun@hotmail.fr
2026;S;884;;;;NANTES DOULON;H;CL;Arc Classique Homme 2026;1244006;ASS. DU QUARTIER DE DOULON;NANTES;497;467;459;1423;roquesalfred@yahoo.fr
2026;S;887;;;;GUERANDE;H;CL;Arc Classique Homme 2026;1244001;CIE D ARC DE GUERANDE;GU╔RANDE;514;454;453;1421;melanieboquet@gmail.com
2026;S;892;;;;ST AUBIN;H;CL;Arc Classique Homme 2026;1285129;LES ARCHERS ST AUBINOIS;SAINT AUBIN DES ORMEAUX;505;462;451;1418;auguinb@gmail.com
2026;S;942;;;;MAISDON;H;CL;Arc Classique Homme 2026;1244012;LES ARCHERS DU VAL DE SEVRE;GETIGNE;483;468;449;1400;kibouge44@gmail.com
2026;S;951;;;;CHATEAUBRIANT;H;CL;Arc Classique Homme 2026;1244035;ARCHERS DE LA MEE;CH┬TEAUBRIANT;476;466;455;1397;p.comcom4@orange.fr
2026;S;972;;;;CORDEMAIS;H;CL;Arc Classique Homme 2026;1244017;A.S.CORDEMAIS TIR ARC;CORDEMAIS;476;464;449;1389;ylerousseau@gmail.com
2026;S;995;;;;MONTREUIL JUIGNE;H;CL;Arc Classique Homme 2026;1249067;MONTREUIL JUIGNE TIR A L'ARC;MONTREUIL JUIGNE;468;465;442;1375;mjta49@gmail.com
2026;S;999;;;;ST GILLES CROIX DE VIE;H;CL;Arc Classique Homme 2026;1285117;ARCHERS DE ST GILLES CROIX VIE;LE FENOUILLER;466;460;448;1374;archers.saint.gilles@gmail.com
2026;S;1034;;;;LES TOUCHES;H;CL;Arc Classique Homme 2026;1244016;LES ARCHERS DES TOUCHES;LES TOUCHES;505;497;356;1358;lesarchersdestouches@gmail.com
2026;S;1058;;;;BARBATRE;H;CL;Arc Classique Homme 2026;1285125;ARCHERS DE BARBATRE;BARB┬TRE;532;416;396;1344;guillaumevelcker@msn.com
2026;S;1084;;;;LES MAGNILS REIGNIERS;H;CL;Arc Classique Homme 2026;1285130;ARCHERS DE LA CHOUANNERIE;CHASNAIS;443;0;0;443;archersdelachouannerie@outlook.fr
2026;S;1092;;;;DAUMERAY;H;CL;Arc Classique Homme 2026;1249068;C.O.AJAX DE DAUMERAY;DAUMERAY;457;440;428;1325;jpld.dupuis@orange.fr
2026;S;1167;;;;LES FL╔CHES D'ALI╔NOR;H;CL;Arc Classique Homme 2026;1285141;LES FLECHES D ALIENOR;SAINT-VINCENT-SUR-JARD;497;439;323;1259;lesflechesdalienor@gmail.com
2026;S;1170;;;;ST JEAN DE BOISEAU;H;CL;Arc Classique Homme 2026;1244021;CIE DES ARCHERS DU PE;ST JEAN DE BOISEAU;508;490;259;1257;archers.du.pe@gmail.com
2026;S;1185;;;;LA BAULE;H;CL;Arc Classique Homme 2026;1244015;A.S.C.E. TIR A L'ARC;LA BAULE-ESCOUBLAC;497;441;302;1240;secretariat.ascetiralarc@gmail.com
2026;S;1194;;;;GORRON;H;CL;Arc Classique Homme 2026;1253087;CIE GORONNAISE TIR A L'ARC;GORRON;411;0;0;411;guerrier.norbert@orange.fr
2026;S;1201;;;;LA RABATELIERE;H;CL;Arc Classique Homme 2026;1285114;LES CARQUOIS DE GRASLA;LA RABATELIERE;409;0;0;409;b.carquoisdegrasla@gmail.com
2026;S;1214;;;;FROSSAY-SAINT VIAUD;H;CL;Arc Classique Homme 2026;1244029;ARCHERS SUD ESTUAIRE;SAINT-VIAUD;487;374;346;1207;archerssudestuaire@gmail.com
2026;S;1258;;;;LA CHAPELLE AU RIBOUL;H;CL;Arc Classique Homme 2026;1253083;LA FLECHE CHAPELLOISE;LA CHAPELLE-AU-RIBOUL;492;237;0;729;zaza75.touchet@orange.fr
2026;S;1300;;;;SAINT JEAN DE MONTS;H;CL;Arc Classique Homme 2026;1285119;LES ARCHERS MONTOIS;ST JEAN DE MONTS;315;0;0;315;archersmontois85@aol.com
2026;S;19;;;;FONTENAY LE COMTE;F;CL;Arc Classique Femme 2026;1285122;TIR ARC FONTENAISIEN;VELLUIRE;560;551;538;1649;archers.fontenay@gmail.com
2026;S;62;;;;POUZAUGES;F;CL;Arc Classique Femme 2026;1285128;LES ARCHERS DU HAUT BOCAGE;POUZAUGES;546;532;505;1583;archers.pouzauges@orange.fr
2026;S;64;;;;MONTAIGU;F;CL;Arc Classique Femme 2026;1285121;LES ARCHERS DE LA DIGUE;MONTAIGU-VEND╔E;539;522;521;1582;archersdeladigue.president@gmail.com
2026;S;65;;;;LAIGN╔ SAINT GERVAIS;F;CL;Arc Classique Femme 2026;1272091;CIE ARCHERS DU BELINOIS;LAIGN╔-EN-BELIN;550;540;491;1581;cecile.bertin@orange.fr
2026;S;75;;;;ORVAULT;F;CL;Arc Classique Femme 2026;1244042;ARCHERS D'ORVAULT;ORVAULT;548;533;494;1575;archers.orvault@gmail.com
2026;S;95;;;;NANTES;F;CL;Arc Classique Femme 2026;1244044;ARCHERS NANTAIS;NANTES;537;514;513;1564;secretariat.archersnantais@gmail.com
2026;S;96;;;;MURS ERIGNE;F;CL;Arc Classique Femme 2026;1249058;LES ARCHERS DE L'AUBANCE;M█RS-ERIGN╔;545;532;486;1563;peltiermichael3@gmail.com
2026;S;97;;;;MONTOIR DE BRETAGNE;F;CL;Arc Classique Femme 2026;1244027;LES ARCHERS MONTOIRINS;MONTOIR-DE-BRETAGNE;541;520;502;1563;lesarchersmontoirins@gmail.com
2026;S;103;;;;MAZE;F;CL;Arc Classique Femme 2026;1249049;ARCHERS DU VAL D'AUTHION;MAZE;536;513;510;1559;ava.maze49@gmail.com
2026;S;111;;;;CARQUEFOU;F;CL;Arc Classique Femme 2026;1244009;ARCHERS DE L'ERDRE;CARQUEFOU;538;517;500;1555;ioan.legue@gmail.com
2026;S;128;;;;EVRON;F;CL;Arc Classique Femme 2026;1253076;CLUB ATHLETIQUE EVRONNAIS;EVRON;515;0;0;515;gesberts53@orange.fr
2026;S;141;;;;LAVAL;F;CL;Arc Classique Femme 2026;1253075;CIE ST GEORGES DE LAVAL;LAVAL;538;523;477;1538;tiralarc.usl@gmail.com
2026;S;144;;;;LES SABLES D'OLONNE;F;CL;Arc Classique Femme 2026;1285132;LES ARCHERS SABLAIS;OLONNE SUR MER;534;511;493;1538;archers.sablais@gmail.com
2026;S;149;;;;THOUARE SUR LOIRE;F;CL;Arc Classique Femme 2026;1244003;ARCHERS THOUAREENS;THOUARE SUR LOIRE;545;530;460;1535;archersthouareens@yahoo.fr
2026;S;158;;;;AIZENAY;F;CL;Arc Classique Femme 2026;1285133;L'ARCHER CLUB D'AIZENAY;AIZENAY;529;520;481;1530;arc.aizenay@gmail.com
2026;S;168;;;;CHOLET TAC;F;CL;Arc Classique Femme 2026;1249050;TIR A L ARC CHOLETAIS;CHOLET;520;509;496;1525;alexis.garnier49@gmail.com
2026;S;183;;;;ANGERS;F;CL;Arc Classique Femme 2026;1249056;S G T A - TIR A L'ARC;ANGERS;552;496;469;1517;benamareric@gmail.com
2026;S;187;;;;PORNIC;F;CL;Arc Classique Femme 2026;1244046;LES ARCHERS PORNICAIS;PORNIC;521;516;479;1516;les.archers.pornicais@gmail.com
2026;S;213;;;;GUERANDE;F;CL;Arc Classique Femme 2026;1244001;CIE D ARC DE GUERANDE;GU╔RANDE;506;501;497;1504;melanieboquet@gmail.com
2026;S;231;;;;ST HERBLAIN;F;CL;Arc Classique Femme 2026;1244002;ARCHERS DE ST HERBLAIN;SAINT-HERBLAIN;530;503;465;1498;president.ash@gmail.com
2026;S;244;;;;LA FLECHE;F;CL;Arc Classique Femme 2026;1272098;COMPAGNIE D'ARC DE LA FLECHE;LA FL╚CHE;575;486;432;1493;ciearclafeche@gmail.com
2026;S;251;;;;PONTCHATEAU;F;CL;Arc Classique Femme 2026;1244019;COMPAGNIE DES ARCHERS DU BRIVET;PONTCH┬TEAU;497;0;0;497;lebreton.jeanmichel.jml@gmail.com
2026;S;271;;;;SAINTE FOY;F;CL;Arc Classique Femme 2026;1285138;LES ROBINS DES FOY;STE FOY;515;497;469;1481;dianehoarau@hotmail.fr
2026;S;287;;;;ST GILLES CROIX DE VIE;F;CL;Arc Classique Femme 2026;1285117;ARCHERS DE ST GILLES CROIX VIE;LE FENOUILLER;533;480;465;1478;archers.saint.gilles@gmail.com
2026;S;308;;;;LE MANS;F;CL;Arc Classique Femme 2026;1272105;SOM TIR A L'ARC;LE MANS;516;483;471;1470;emilie.thomas.lm@gmail.com
2026;S;328;;;;GROSBREUIL;F;CL;Arc Classique Femme 2026;1285124;ARCHERS DE GROSBREUIL;GROSBREUIL;551;475;438;1464;archersdegrosbreuil@orange.fr
2026;S;347;;;;CANDE;F;CL;Arc Classique Femme 2026;1249047;CIE DES ARCHERS DU S.O CANDEEN;CANDE;512;484;461;1457;archersdusocande@gmail.com
2026;S;367;;;;ST NAZAIRE;F;CL;Arc Classique Femme 2026;1244024;LES ARCHERS NAZAIRIENS;SAINT-NAZAIRE;526;469;456;1451;throy@orange.fr
2026;S;381;;;;CHATEAUBRIANT;F;CL;Arc Classique Femme 2026;1244035;ARCHERS DE LA MEE;CH┬TEAUBRIANT;521;479;445;1445;p.comcom4@orange.fr
2026;S;421;;;;LA RABATELIERE;F;CL;Arc Classique Femme 2026;1285114;LES CARQUOIS DE GRASLA;LA RABATELIERE;485;480;469;1434;b.carquoisdegrasla@gmail.com
2026;S;426;;;;MESLAY DU MAINE;F;CL;Arc Classique Femme 2026;1253072;CIE ST GEORGES DE MESLAY DU MAINE;MESLAY-DU-MAINE;517;438;0;955;ciestgeorgesmeslay@gmail.com
2026;S;457;;;;LUCON;F;CL;Arc Classique Femme 2026;1285135;ARCHERS RICHELIEU;LUŪON;492;471;460;1423;SAMIOT95@GMAIL.COM
2026;S;470;;;;VALLET;F;CL;Arc Classique Femme 2026;1244031;ARC NATURE VALLETAIS;VALLET;472;0;0;472;arcnaturevalletais2.0@gmail.com
2026;S;482;;;;LES TOUCHES;F;CL;Arc Classique Femme 2026;1244016;LES ARCHERS DES TOUCHES;LES TOUCHES;470;0;0;470;lesarchersdestouches@gmail.com
2026;S;490;;;;CLISSON;F;CL;Arc Classique Femme 2026;1244004;CIE D'ARC OLIVIER DE CLISSON;CLISSON;500;463;443;1406;ciearcolison@orange.fr
2026;S;529;;;;SAINT JEAN DE MONTS;F;CL;Arc Classique Femme 2026;1285119;LES ARCHERS MONTOIS;ST JEAN DE MONTS;519;478;398;1395;archersmontois85@aol.com
2026;S;547;;;;CHATEAU DU LOIR;F;CL;Arc Classique Femme 2026;1272106;CLUB OMNISPORT CHATEAU DU LOIR;BEAUMONT-PIED-DE-B?UF;468;458;0;926;robert.gonthier@sfr.fr
2026;S;589;;;;BASSE GOULAINE;F;CL;Arc Classique Femme 2026;1244011;B.G.A.C.;BASSE GOULAINE;458;0;0;458;arnaud.julien44@outlook.fr
2026;S;599;;;;LA GARNACHE;F;CL;Arc Classique Femme 2026;1285113;LES GARNA'ARCHERS;LA GARNACHE;499;446;426;1371;chiron.couthouis@gmail.com
2026;S;604;;;;SAINT GEREON;F;CL;Arc Classique Femme 2026;1244005;ARCHERS DU GOTHA;ANCENIS-SAINT-G╔R╔ON;475;470;423;1368;archersdugotha@gmail.com
2026;S;608;;;;CHATEAU GONTIER;F;CL;Arc Classique Femme 2026;1253085;TIR A L'ARC CHATEAU GONTIER;CH┬TEAU-GONTIER-SUR-MAYENNE;499;457;409;1365;chateaugontier.tiralarc@gmail.com
2026;S;610;;;;LA BAULE;F;CL;Arc Classique Femme 2026;1244015;A.S.C.E. TIR A L'ARC;LA BAULE-ESCOUBLAC;520;442;402;1364;secretariat.ascetiralarc@gmail.com
2026;S;614;;;;LE BIGNON;F;CL;Arc Classique Femme 2026;1244008;LES ARCHERS DU BIGNON;LE BIGNON;461;456;445;1362;gael.tenailleau@free.fr
2026;S;654;;;;DONGES;F;CL;Arc Classique Femme 2026;1244010;CIE LES FLECHES DONGEOISES;DONGES;449;0;0;449;romualdcadoret@gmail.com
2026;S;669;;;;CORDEMAIS;F;CL;Arc Classique Femme 2026;1244017;A.S.CORDEMAIS TIR ARC;CORDEMAIS;494;399;0;893;ylerousseau@gmail.com
2026;S;694;;;;VERTOU;F;CL;Arc Classique Femme 2026;1244041;CIE ARCHERS DE VERTOU;SAINT-S╔BASTIEN-SUR-LOIRE;473;432;423;1328;bureau@vertouarc.fr
2026;S;710;;;;CHALLANS;F;CL;Arc Classique Femme 2026;1285134;ARCHERS CHALLANDAIS;CHALLANS;451;428;0;879;maurice.brebant@icloud.com
2026;S;713;;;;ROCHE SUR YON;F;CL;Arc Classique Femme 2026;1285126;CIE D'ARCHERS SAINT GEORGES;MOUILLERON-LE-CAPTIF;459;458;398;1315;gwenolalereun@hotmail.fr
2026;S;728;;;;BEAUVOIR SUR MER;F;CL;Arc Classique Femme 2026;1285123;LES ARCHERS DU PAYS DU GOIS;BEAUVOIR-SUR-MER;448;435;421;1304;archers-du-pays-du-gois@laposte.net
2026;S;752;;;;CHEMILLE;F;CL;Arc Classique Femme 2026;1249061;LES ARCHERS CHEMILLOIS;CHEMILLE;431;0;0;431;archerschemillois.president@gmail.com
2026;S;753;;;;LE FUILET;F;CL;Arc Classique Femme 2026;1249063;ARCHERS DU PARADIS;MONTREVAULT SUR EVRE;431;0;0;431;archersduparadis49@gmail.com
2026;S;754;;;;COUERON;F;CL;Arc Classique Femme 2026;1244025;ETOILE SPORTIVE COUERONNAISE;COU╦RON;470;419;401;1290;alexis@acytem.fr
2026;S;758;;;;CHANTONNAY;F;CL;Arc Classique Femme 2026;1285116;CLUB DES ARCHERS DE CHANTONNAY;CHANTONNAY;478;432;379;1289;arcchantonnay85@gmail.com
2026;S;771;;;;BOUGUENAIS;F;CL;Arc Classique Femme 2026;1244022;CIE ARCHERS BOUGUENAIS;BOUGUENAIS;468;421;392;1281;mavedine@gmail.com
2026;S;775;;;;MAYENNE;F;CL;Arc Classique Femme 2026;1253084;LES CUPIDONS MAYENNAIS;MAYENNE;483;423;372;1278;fabien.gendry@free.fr
2026;S;788;;;;LA HAYE FOUASSIERE;F;CL;Arc Classique Femme 2026;1244013;ARC'HAYE;LA HAIE FOUASSIERE;450;395;0;845;brenot.delphine4@gmail.com
2026;S;815;;;;LE MANS MAINE;F;CL;Arc Classique Femme 2026;1272108;ARC DU MAINE (LE MANS);LE MANS;502;430;316;1248;contacts@arcdumaine.fr
2026;S;854;;;;SABLE SUR SARTHE;F;CL;Arc Classique Femme 2026;1272090;LES ARCHERS DE SABLE;SABLE SUR SARTHE;488;400;329;1217;chailleuxlionel72@gmail.com
2026;S;858;;;;LA TURBALLE;F;CL;Arc Classique Femme 2026;1244036;LES FLECHES TURBALLAISES;LA TURBALLE;441;367;0;808;benjamin.jube44420@gmail.com
2026;S;875;;;;ST MACAIRE EN MAUGES;F;CL;Arc Classique Femme 2026;1249059;LA FLECHE MACAIROISE;SEVREMOINE;415;393;390;1198;loulle49@orange.fr
2026;S;922;;;;DAUMERAY;F;CL;Arc Classique Femme 2026;1249068;C.O.AJAX DE DAUMERAY;DAUMERAY;434;400;331;1165;jpld.dupuis@orange.fr
2026;S;944;;;;LA FERTE BERNARD;F;CL;Arc Classique Femme 2026;1272112;VSF TIR A L'ARC;CORMES;416;348;0;764;pilon.fabrice@free.fr
2026;S;968;;;;GORRON;F;CL;Arc Classique Femme 2026;1253087;CIE GORONNAISE TIR A L'ARC;GORRON;376;0;0;376;guerrier.norbert@orange.fr
2026;S;974;;;;SILLE LE GUILLAUME;F;CL;Arc Classique Femme 2026;1272109;COMPAGNIE DES ARCHERS DE SILLE;SILL╔-LE-GUILLAUME;374;0;0;374;nathaliebecu@wanadoo.fr
2026;S;987;;;;LE GENEST ST ISLE;F;CL;Arc Classique Femme 2026;1253081;UNION SPORTIVE GENESTOISE;LE GENEST-SAINT-ISLE;369;0;0;369;emiliemoreau53@yahoo.fr
2026;S;988;;;;BEIGNON BASSET;F;CL;Arc Classique Femme 2026;1285131;AMICALE DU BEIGNON BASSET;LE POIR╔-SUR-VIE;466;359;280;1105;hubertgautierabb@orange.fr
2026;S;993;;;;LA CHATAIGNERAIE;F;CL;Arc Classique Femme 2026;1285115;TIR A L'ARC DE CHATAIGNERAIE;LOGE-FOUGEREUSE;410;354;335;1099;arc.chataigneraie@gmail.com
2026;S;994;;;;MAISDON;F;CL;Arc Classique Femme 2026;1244012;LES ARCHERS DU VAL DE SEVRE;GETIGNE;406;360;333;1099;kibouge44@gmail.com
2026;S;1007;;;;BARBATRE;F;CL;Arc Classique Femme 2026;1285125;ARCHERS DE BARBATRE;BARB┬TRE;423;304;0;727;guillaumevelcker@msn.com
2026;S;1027;;;;ECOMMOY;F;CL;Arc Classique Femme 2026;1272096;LES ARCHERS D ECOMMOY;╔COMMOY;383;326;0;709;limajacgue.62@gmail.com
2026;S;1052;;;;ECOUFLANT;F;CL;Arc Classique Femme 2026;1249071;ARC ECOUFLANT;JUVARDEIL;401;283;0;684;lejean49@gmail.com
2026;S;1066;;;;BEAUPREAU;F;CL;Arc Classique Femme 2026;1249054;LA FLECHE AU COEUR DES MAUGES;BEAUPR╔AU-EN-MAUGES;540;128;0;668;infos@tiralarc-beaupreau.fr
2026;S;1101;;;;ST JEAN DE BOISEAU;F;CL;Arc Classique Femme 2026;1244021;CIE DES ARCHERS DU PE;ST JEAN DE BOISEAU;391;218;0;609;archers.du.pe@gmail.com
2026;S;1102;;;;NANTES DOULON;F;CL;Arc Classique Femme 2026;1244006;ASS. DU QUARTIER DE DOULON;NANTES;304;0;0;304;roquesalfred@yahoo.fr
2026;S;1115;;;;LES ARCHERS FLORENTAIS;F;CL;Arc Classique Femme 2026;1249140;LES ARCHERS FLORENTAIS;MAUGES-SUR-LOIRE;335;240;0;575;archersflorentais@outlook.fr
2026;S;1135;;;;ST AUBIN;F;CL;Arc Classique Femme 2026;1285129;LES ARCHERS ST AUBINOIS;SAINT AUBIN DES ORMEAUX;240;213;0;453;auguinb@gmail.com
2026;S;1137;;;;PIRIAC SUR MER;F;CL;Arc Classique Femme 2026;1244028;LES ARCHERS PIRIACAIS;PIRIAC-SUR-MER;221;0;0;221;les.archers.piriacais@gmail.com
2026;S;1142;;;;LES MAGNILS REIGNIERS;F;CL;Arc Classique Femme 2026;1285130;ARCHERS DE LA CHOUANNERIE;CHASNAIS;185;0;0;185;archersdelachouannerie@outlook.fr
2026;S;21;;;;POUZAUGES;H;CO;Arc Ó Poulies Homme 2026;1285128;LES ARCHERS DU HAUT BOCAGE;POUZAUGES;581;0;0;581;archers.pouzauges@orange.fr
2026;S;35;;;;LA GARNACHE;H;CO;Arc Ó Poulies Homme 2026;1285113;LES GARNA'ARCHERS;LA GARNACHE;588;572;570;1730;chiron.couthouis@gmail.com
2026;S;38;;;;SAUMUR;H;CO;Arc Ó Poulies Homme 2026;1249066;JEANNE D'ARC DE SAUMUR TIR A L'ARC;SAUMUR;583;582;562;1727;patrickmartin49@orange.fr
2026;S;51;;;;DONGES;H;CO;Arc Ó Poulies Homme 2026;1244010;CIE LES FLECHES DONGEOISES;DONGES;578;576;568;1722;romualdcadoret@gmail.com
2026;S;70;;;;CHOLET TAC;H;CO;Arc Ó Poulies Homme 2026;1249050;TIR A L ARC CHOLETAIS;CHOLET;579;578;558;1715;alexis.garnier49@gmail.com
2026;S;88;;;;SAINT GEREON;H;CO;Arc Ó Poulies Homme 2026;1244005;ARCHERS DU GOTHA;ANCENIS-SAINT-G╔R╔ON;578;568;566;1712;archersdugotha@gmail.com
2026;S;110;;;;LA TURBALLE;H;CO;Arc Ó Poulies Homme 2026;1244036;LES FLECHES TURBALLAISES;LA TURBALLE;576;569;558;1703;benjamin.jube44420@gmail.com
2026;S;115;;;;PORNIC;H;CO;Arc Ó Poulies Homme 2026;1244046;LES ARCHERS PORNICAIS;PORNIC;578;565;559;1702;les.archers.pornicais@gmail.com
2026;S;116;;;;CARQUEFOU;H;CO;Arc Ó Poulies Homme 2026;1244009;ARCHERS DE L'ERDRE;CARQUEFOU;575;573;554;1702;ioan.legue@gmail.com
2026;S;118;;;;LE GENEST ST ISLE;H;CO;Arc Ó Poulies Homme 2026;1253081;UNION SPORTIVE GENESTOISE;LE GENEST-SAINT-ISLE;575;564;562;1701;emiliemoreau53@yahoo.fr
2026;S;121;;;;LE LUART;H;CO;Arc Ó Poulies Homme 2026;1272095;UNION SPORTIVE DU LUART;LE LUART;571;570;560;1701;annemarieaa72@gmail.com
2026;S;127;;;;LA HAYE FOUASSIERE;H;CO;Arc Ó Poulies Homme 2026;1244013;ARC'HAYE;LA HAIE FOUASSIERE;568;566;565;1699;brenot.delphine4@gmail.com
2026;S;128;;;;GROSBREUIL;H;CO;Arc Ó Poulies Homme 2026;1285124;ARCHERS DE GROSBREUIL;GROSBREUIL;567;567;565;1699;archersdegrosbreuil@orange.fr
2026;S;159;;;;ANGERS;H;CO;Arc Ó Poulies Homme 2026;1249056;S G T A - TIR A L'ARC;ANGERS;580;570;542;1692;benamareric@gmail.com
2026;S;185;;;;LAVAL;H;CO;Arc Ó Poulies Homme 2026;1253075;CIE ST GEORGES DE LAVAL;LAVAL;579;562;546;1687;tiralarc.usl@gmail.com
2026;S;204;;;;AIZENAY;H;CO;Arc Ó Poulies Homme 2026;1285133;L'ARCHER CLUB D'AIZENAY;AIZENAY;563;562;560;1685;arc.aizenay@gmail.com
2026;S;218;;;;MURS ERIGNE;H;CO;Arc Ó Poulies Homme 2026;1249058;LES ARCHERS DE L'AUBANCE;M█RS-ERIGN╔;569;559;554;1682;peltiermichael3@gmail.com
2026;S;243;;;;MAYENNE;H;CO;Arc Ó Poulies Homme 2026;1253084;LES CUPIDONS MAYENNAIS;MAYENNE;559;0;0;559;fabien.gendry@free.fr
2026;S;267;;;;LAIGN╔ SAINT GERVAIS;H;CO;Arc Ó Poulies Homme 2026;1272091;CIE ARCHERS DU BELINOIS;LAIGN╔-EN-BELIN;566;549;0;1115;cecile.bertin@orange.fr
2026;S;284;;;;ST JEAN DE BOISEAU;H;CO;Arc Ó Poulies Homme 2026;1244021;CIE DES ARCHERS DU PE;ST JEAN DE BOISEAU;557;0;0;557;archers.du.pe@gmail.com
2026;S;289;;;;CHANGE;H;CO;Arc Ó Poulies Homme 2026;1253078;LES ARCHERS DE L'US CHANGE;CHANG╔;570;555;545;1670;uschangetiralarc@gmail.com
2026;S;306;;;;GUERANDE;H;CO;Arc Ó Poulies Homme 2026;1244001;CIE D ARC DE GUERANDE;GU╔RANDE;569;566;532;1667;melanieboquet@gmail.com
2026;S;313;;;;THOUARE SUR LOIRE;H;CO;Arc Ó Poulies Homme 2026;1244003;ARCHERS THOUAREENS;THOUARE SUR LOIRE;573;546;546;1665;archersthouareens@yahoo.fr
2026;S;321;;;;MONTOIR DE BRETAGNE;H;CO;Arc Ó Poulies Homme 2026;1244027;LES ARCHERS MONTOIRINS;MONTOIR-DE-BRETAGNE;555;0;0;555;lesarchersmontoirins@gmail.com
2026;S;344;;;;LE MANS NATURE;H;CO;Arc Ó Poulies Homme 2026;1272103;ASSO NOUVELLE DES ARCHERS DE LA NATURE - LE MANS;LE MANS;554;0;0;554;didier.tollet0277@orange.fr
2026;S;353;;;;CANDE;H;CO;Arc Ó Poulies Homme 2026;1249047;CIE DES ARCHERS DU S.O CANDEEN;CANDE;564;552;544;1660;archersdusocande@gmail.com
2026;S;354;;;;BASSE GOULAINE;H;CO;Arc Ó Poulies Homme 2026;1244011;B.G.A.C.;BASSE GOULAINE;563;556;541;1660;arnaud.julien44@outlook.fr
2026;S;370;;;;LE MANS MAINE;H;CO;Arc Ó Poulies Homme 2026;1272108;ARC DU MAINE (LE MANS);LE MANS;558;553;547;1658;contacts@arcdumaine.fr
2026;S;378;;;;GORRON;H;CO;Arc Ó Poulies Homme 2026;1253087;CIE GORONNAISE TIR A L'ARC;GORRON;558;554;544;1656;guerrier.norbert@orange.fr
2026;S;421;;;;SABLE SUR SARTHE;H;CO;Arc Ó Poulies Homme 2026;1272090;LES ARCHERS DE SABLE;SABLE SUR SARTHE;573;568;507;1648;chailleuxlionel72@gmail.com
2026;S;431;;;;LA FERTE BERNARD;H;CO;Arc Ó Poulies Homme 2026;1272112;VSF TIR A L'ARC;CORMES;549;0;0;549;pilon.fabrice@free.fr
2026;S;451;;;;ECOUFLANT;H;CO;Arc Ó Poulies Homme 2026;1249071;ARC ECOUFLANT;JUVARDEIL;561;545;537;1643;lejean49@gmail.com
2026;S;457;;;;CHANTONNAY;H;CO;Arc Ó Poulies Homme 2026;1285116;CLUB DES ARCHERS DE CHANTONNAY;CHANTONNAY;580;532;530;1642;arcchantonnay85@gmail.com
2026;S;464;;;;LES SABLES D'OLONNE;H;CO;Arc Ó Poulies Homme 2026;1285132;LES ARCHERS SABLAIS;OLONNE SUR MER;547;0;0;547;archers.sablais@gmail.com
2026;S;528;;;;CHATEAUBRIANT;H;CO;Arc Ó Poulies Homme 2026;1244035;ARCHERS DE LA MEE;CH┬TEAUBRIANT;556;541;533;1630;p.comcom4@orange.fr
2026;S;541;;;;LE BIGNON;H;CO;Arc Ó Poulies Homme 2026;1244008;LES ARCHERS DU BIGNON;LE BIGNON;543;0;0;543;gael.tenailleau@free.fr
2026;S;552;;;;COUERON;H;CO;Arc Ó Poulies Homme 2026;1244025;ETOILE SPORTIVE COUERONNAISE;COU╦RON;542;0;0;542;alexis@acytem.fr
2026;S;564;;;;ST GILLES CROIX DE VIE;H;CO;Arc Ó Poulies Homme 2026;1285117;ARCHERS DE ST GILLES CROIX VIE;LE FENOUILLER;551;543;529;1623;archers.saint.gilles@gmail.com
2026;S;578;;;;PIRIAC SUR MER;H;CO;Arc Ó Poulies Homme 2026;1244028;LES ARCHERS PIRIACAIS;PIRIAC-SUR-MER;542;538;0;1080;les.archers.piriacais@gmail.com
2026;S;635;;;;MAISDON;H;CO;Arc Ó Poulies Homme 2026;1244012;LES ARCHERS DU VAL DE SEVRE;GETIGNE;536;0;0;536;kibouge44@gmail.com
2026;S;674;;;;VALLET;H;CO;Arc Ó Poulies Homme 2026;1244031;ARC NATURE VALLETAIS;VALLET;578;567;449;1594;arcnaturevalletais2.0@gmail.com
2026;S;688;;;;ST NAZAIRE;H;CO;Arc Ó Poulies Homme 2026;1244024;LES ARCHERS NAZAIRIENS;SAINT-NAZAIRE;572;509;509;1590;throy@orange.fr
2026;S;697;;;;DAUMERAY;H;CO;Arc Ó Poulies Homme 2026;1249068;C.O.AJAX DE DAUMERAY;DAUMERAY;541;518;0;1059;jpld.dupuis@orange.fr
2026;S;701;;;;POUANCE;H;CO;Arc Ó Poulies Homme 2026;1249062;LES ARCHERS DE MESSIRE B. DUGUESCLIN;ARMAILL╔;529;0;0;529;rollet.polo@orange.fr
2026;S;705;;;;ORVAULT;H;CO;Arc Ó Poulies Homme 2026;1244042;ARCHERS D'ORVAULT;ORVAULT;547;510;0;1057;archers.orvault@gmail.com
2026;S;729;;;;MONTREUIL JUIGNE;H;CO;Arc Ó Poulies Homme 2026;1249067;MONTREUIL JUIGNE TIR A L'ARC;MONTREUIL JUIGNE;531;520;0;1051;mjta49@gmail.com
2026;S;732;;;;STAC;H;CO;Arc Ó Poulies Homme 2026;1285142;SOCI╔T╔ DE TIR └ L'ARC LA CH┬TAIGNERAIE;LA CH┬TAIGNERAIE;550;500;0;1050;performance-services@orange.fr
2026;S;733;;;;VERTOU;H;CO;Arc Ó Poulies Homme 2026;1244041;CIE ARCHERS DE VERTOU;SAINT-S╔BASTIEN-SUR-LOIRE;548;502;0;1050;bureau@vertouarc.fr
2026;S;742;;;;FONTENAY LE COMTE;H;CO;Arc Ó Poulies Homme 2026;1285122;TIR ARC FONTENAISIEN;VELLUIRE;524;0;0;524;archers.fontenay@gmail.com
2026;S;773;;;;CHATEAU DU LOIR;H;CO;Arc Ó Poulies Homme 2026;1272106;CLUB OMNISPORT CHATEAU DU LOIR;BEAUMONT-PIED-DE-B?UF;518;0;0;518;robert.gonthier@sfr.fr
2026;S;776;;;;MONTAIGU;H;CO;Arc Ó Poulies Homme 2026;1285121;LES ARCHERS DE LA DIGUE;MONTAIGU-VEND╔E;560;475;0;1035;archersdeladigue.president@gmail.com
2026;S;798;;;;ECOMMOY;H;CO;Arc Ó Poulies Homme 2026;1272096;LES ARCHERS D ECOMMOY;╔COMMOY;513;0;0;513;limajacgue.62@gmail.com
2026;S;811;;;;BOUGUENAIS;H;CO;Arc Ó Poulies Homme 2026;1244022;CIE ARCHERS BOUGUENAIS;BOUGUENAIS;508;0;0;508;mavedine@gmail.com
2026;S;832;;;;ST AUBIN;H;CO;Arc Ó Poulies Homme 2026;1285129;LES ARCHERS ST AUBINOIS;SAINT AUBIN DES ORMEAUX;502;0;0;502;auguinb@gmail.com
2026;S;850;;;;FROSSAY-SAINT VIAUD;H;CO;Arc Ó Poulies Homme 2026;1244029;ARCHERS SUD ESTUAIRE;SAINT-VIAUD;511;496;480;1487;archerssudestuaire@gmail.com
2026;S;900;;;;LES FL╔CHES D'ALI╔NOR;H;CO;Arc Ó Poulies Homme 2026;1285141;LES FLECHES D ALIENOR;SAINT-VINCENT-SUR-JARD;458;0;0;458;lesflechesdalienor@gmail.com
2026;S;906;;;;ST HERBLAIN;H;CO;Arc Ó Poulies Homme 2026;1244002;ARCHERS DE ST HERBLAIN;SAINT-HERBLAIN;541;444;367;1352;president.ash@gmail.com
2026;S;911;;;;REZE;H;CO;Arc Ó Poulies Homme 2026;1244018;LA FLECHE RAGONNAISE;REZE;457;431;0;888;presidence.flecheragonnaise@gmail.com
2026;S;916;;;;BARBATRE;H;CO;Arc Ó Poulies Homme 2026;1285125;ARCHERS DE BARBATRE;BARB┬TRE;518;358;0;876;guillaumevelcker@msn.com
2026;S;917;;;;MAZE;H;CO;Arc Ó Poulies Homme 2026;1249049;ARCHERS DU VAL D'AUTHION;MAZE;550;546;206;1302;ava.maze49@gmail.com
2026;S;924;;;;LA FLECHE;H;CO;Arc Ó Poulies Homme 2026;1272098;COMPAGNIE D'ARC DE LA FLECHE;LA FL╚CHE;419;0;0;419;ciearclafeche@gmail.com
2026;S;937;;;;BEAUPREAU;H;CO;Arc Ó Poulies Homme 2026;1249054;LA FLECHE AU COEUR DES MAUGES;BEAUPR╔AU-EN-MAUGES;577;186;0;763;infos@tiralarc-beaupreau.fr
2026;S;942;;;;LA CHAPELLE AU RIBOUL;H;CO;Arc Ó Poulies Homme 2026;1253083;LA FLECHE CHAPELLOISE;LA CHAPELLE-AU-RIBOUL;480;304;289;1073;zaza75.touchet@orange.fr
2026;S;18;;;;ST GILLES CROIX DE VIE;F;CO;Arc Ó Poulies Femme 2026;1285117;ARCHERS DE ST GILLES CROIX VIE;LE FENOUILLER;567;0;0;567;archers.saint.gilles@gmail.com
2026;S;21;;;;LA GARNACHE;F;CO;Arc Ó Poulies Femme 2026;1285113;LES GARNA'ARCHERS;LA GARNACHE;577;561;560;1698;chiron.couthouis@gmail.com
2026;S;34;;;;MONTREUIL JUIGNE;F;CO;Arc Ó Poulies Femme 2026;1249067;MONTREUIL JUIGNE TIR A L'ARC;MONTREUIL JUIGNE;562;0;0;562;mjta49@gmail.com
2026;S;38;;;;LA TURBALLE;F;CO;Arc Ó Poulies Femme 2026;1244036;LES FLECHES TURBALLAISES;LA TURBALLE;561;0;0;561;benjamin.jube44420@gmail.com
2026;S;52;;;;LA HAYE FOUASSIERE;F;CO;Arc Ó Poulies Femme 2026;1244013;ARC'HAYE;LA HAIE FOUASSIERE;558;0;0;558;brenot.delphine4@gmail.com
2026;S;69;;;;CARQUEFOU;F;CO;Arc Ó Poulies Femme 2026;1244009;ARCHERS DE L'ERDRE;CARQUEFOU;563;562;542;1667;ioan.legue@gmail.com
2026;S;77;;;;ST MACAIRE EN MAUGES;F;CO;Arc Ó Poulies Femme 2026;1249059;LA FLECHE MACAIROISE;SEVREMOINE;554;0;0;554;loulle49@orange.fr
2026;S;104;;;;DONGES;F;CO;Arc Ó Poulies Femme 2026;1244010;CIE LES FLECHES DONGEOISES;DONGES;560;542;0;1102;romualdcadoret@gmail.com
2026;S;110;;;;NANTES;F;CO;Arc Ó Poulies Femme 2026;1244044;ARCHERS NANTAIS;NANTES;550;0;0;550;secretariat.archersnantais@gmail.com
2026;S;117;;;;CHOLET TAC;F;CO;Arc Ó Poulies Femme 2026;1249050;TIR A L ARC CHOLETAIS;CHOLET;556;554;539;1649;alexis.garnier49@gmail.com
2026;S;130;;;;LE MANS;F;CO;Arc Ó Poulies Femme 2026;1272105;SOM TIR A L'ARC;LE MANS;548;0;0;548;emilie.thomas.lm@gmail.com
2026;S;166;;;;LE GENEST ST ISLE;F;CO;Arc Ó Poulies Femme 2026;1253081;UNION SPORTIVE GENESTOISE;LE GENEST-SAINT-ISLE;565;542;521;1628;emiliemoreau53@yahoo.fr
2026;S;170;;;;CHANGE;F;CO;Arc Ó Poulies Femme 2026;1253078;LES ARCHERS DE L'US CHANGE;CHANG╔;542;0;0;542;uschangetiralarc@gmail.com
2026;S;190;;;;ORVAULT;F;CO;Arc Ó Poulies Femme 2026;1244042;ARCHERS D'ORVAULT;ORVAULT;539;0;0;539;archers.orvault@gmail.com
2026;S;221;;;;GUERANDE;F;CO;Arc Ó Poulies Femme 2026;1244001;CIE D ARC DE GUERANDE;GU╔RANDE;537;531;0;1068;melanieboquet@gmail.com
2026;S;242;;;;LE LUART;F;CO;Arc Ó Poulies Femme 2026;1272095;UNION SPORTIVE DU LUART;LE LUART;560;501;0;1061;annemarieaa72@gmail.com
2026;S;253;;;;CHEMILLE;F;CO;Arc Ó Poulies Femme 2026;1249061;LES ARCHERS CHEMILLOIS;CHEMILLE;529;0;0;529;archerschemillois.president@gmail.com
2026;S;282;;;;BEAUPREAU;F;CO;Arc Ó Poulies Femme 2026;1249054;LA FLECHE AU COEUR DES MAUGES;BEAUPR╔AU-EN-MAUGES;545;528;496;1569;infos@tiralarc-beaupreau.fr
2026;S;293;;;;PORNIC;F;CO;Arc Ó Poulies Femme 2026;1244046;LES ARCHERS PORNICAIS;PORNIC;538;522;503;1563;les.archers.pornicais@gmail.com
2026;S;300;;;;ECOUFLANT;F;CO;Arc Ó Poulies Femme 2026;1249071;ARC ECOUFLANT;JUVARDEIL;520;0;0;520;lejean49@gmail.com
2026;S;302;;;;LA FLECHE;F;CO;Arc Ó Poulies Femme 2026;1272098;COMPAGNIE D'ARC DE LA FLECHE;LA FL╚CHE;520;519;0;1039;ciearclafeche@gmail.com
2026;S;318;;;;AIZENAY;F;CO;Arc Ó Poulies Femme 2026;1285133;L'ARCHER CLUB D'AIZENAY;AIZENAY;517;0;0;517;arc.aizenay@gmail.com
2026;S;343;;;;LES SABLES D'OLONNE;F;CO;Arc Ó Poulies Femme 2026;1285132;LES ARCHERS SABLAIS;OLONNE SUR MER;507;0;0;507;archers.sablais@gmail.com
2026;S;354;;;;THOUARE SUR LOIRE;F;CO;Arc Ó Poulies Femme 2026;1244003;ARCHERS THOUAREENS;THOUARE SUR LOIRE;560;493;457;1510;archersthouareens@yahoo.fr
2026;S;359;;;;ST NAZAIRE;F;CO;Arc Ó Poulies Femme 2026;1244024;LES ARCHERS NAZAIRIENS;SAINT-NAZAIRE;502;0;0;502;throy@orange.fr
2026;S;362;;;;CANDE;F;CO;Arc Ó Poulies Femme 2026;1249047;CIE DES ARCHERS DU S.O CANDEEN;CANDE;531;519;452;1502;archersdusocande@gmail.com
2026;S;389;;;;FONTENAY LE COMTE;F;CO;Arc Ó Poulies Femme 2026;1285122;TIR ARC FONTENAISIEN;VELLUIRE;489;0;0;489;archers.fontenay@gmail.com
2026;S;438;;;;LE MANS NATURE;F;CO;Arc Ó Poulies Femme 2026;1272103;ASSO NOUVELLE DES ARCHERS DE LA NATURE - LE MANS;LE MANS;439;0;0;439;didier.tollet0277@orange.fr
2026;S;450;;;;LE MANS MAINE;F;CO;Arc Ó Poulies Femme 2026;1272108;ARC DU MAINE (LE MANS);LE MANS;452;391;0;843;contacts@arcdumaine.fr
2026;S;458;;;;GORRON;F;CO;Arc Ó Poulies Femme 2026;1253087;CIE GORONNAISE TIR A L'ARC;GORRON;398;0;0;398;guerrier.norbert@orange.fr
2026;S;479;;;;ECOMMOY;F;CO;Arc Ó Poulies Femme 2026;1272096;LES ARCHERS D ECOMMOY;╔COMMOY;217;0;0;217;limajacgue.62@gmail.com
2026;C;9;;Oui;;ANGERS;X;;Double Mixte Arc Nu;1249056;S G T A - TIR A L'ARC;ANGERS;569;560;0;564;benamareric@gmail.com
2026;C;51;;;;PORNIC;X;;Double Mixte Arc Nu;1244046;LES ARCHERS PORNICAIS;PORNIC;420;416;0;418;les.archers.pornicais@gmail.com
2026;C;60;;;;MAZE;X;;Double Mixte Arc Nu;1249049;ARCHERS DU VAL D'AUTHION;MAZE;475;0;0;237;ava.maze49@gmail.com
2026;C;65;;;;MAYENNE;X;;Double Mixte Arc Nu;1253084;LES CUPIDONS MAYENNAIS;MAYENNE;449;0;0;224;fabien.gendry@free.fr
2026;C;69;;;;VALLET;X;;Double Mixte Arc Nu;1244031;ARC NATURE VALLETAIS;VALLET;432;0;0;216;arcnaturevalletais2.0@gmail.com
2026;C;9;;Oui;;ANGERS;H;;Homme Equipe Campagne;1249056;S G T A - TIR A L'ARC;ANGERS;1020;1013;1009;1016;benamareric@gmail.com
2026;C;26;;;;CARQUEFOU;H;;Homme Equipe Campagne;1244009;ARCHERS DE L'ERDRE;CARQUEFOU;962;940;0;951;ioan.legue@gmail.com
2026;C;45;;;;MONTOIR DE BRETAGNE;H;;Homme Equipe Campagne;1244027;LES ARCHERS MONTOIRINS;MONTOIR-DE-BRETAGNE;889;879;0;884;lesarchersmontoirins@gmail.com
2026;C;48;;;;LA TURBALLE;H;;Homme Equipe Campagne;1244036;LES FLECHES TURBALLAISES;LA TURBALLE;880;868;0;874;benjamin.jube44420@gmail.com
2026;C;71;;;;ST JEAN DE BOISEAU;H;;Homme Equipe Campagne;1244021;CIE DES ARCHERS DU PE;ST JEAN DE BOISEAU;869;0;0;434;archers.du.pe@gmail.com
2026;C;77;;;;MAZE;H;;Homme Equipe Campagne;1249049;ARCHERS DU VAL D'AUTHION;MAZE;855;0;0;427;ava.maze49@gmail.com
2026;C;80;;;;VERTOU;H;;Homme Equipe Campagne;1244041;CIE ARCHERS DE VERTOU;SAINT-S╔BASTIEN-SUR-LOIRE;816;0;0;408;bureau@vertouarc.fr
2026;C;85;;;;BEAUVOIR SUR MER;H;;Homme Equipe Campagne;1285123;LES ARCHERS DU PAYS DU GOIS;BEAUVOIR-SUR-MER;795;0;0;397;archers-du-pays-du-gois@laposte.net
2026;C;19;;;;PORNIC;F;;Femme Equipe Campagne;1244046;LES ARCHERS PORNICAIS;PORNIC;559;0;0;279;les.archers.pornicais@gmail.com
2026;C;25;;Oui;;MONTOIR DE BRETAGNE;X;;Double Mixte Arc Classique;1244027;LES ARCHERS MONTOIRINS;MONTOIR-DE-BRETAGNE;592;545;0;568;lesarchersmontoirins@gmail.com
2026;C;27;;;;NANTES;X;;Double Mixte Arc Classique;1244044;ARCHERS NANTAIS;NANTES;546;543;0;544;secretariat.archersnantais@gmail.com
2026;C;45;;;;SAINTE FOY;X;;Double Mixte Arc Classique;1285138;LES ROBINS DES FOY;STE FOY;507;476;0;491;dianehoarau@hotmail.fr
2026;C;49;;;;PONTCHATEAU;X;;Double Mixte Arc Classique;1244019;COMPAGNIE DES ARCHERS DU BRIVET;PONTCH┬TEAU;488;481;0;484;lebreton.jeanmichel.jml@gmail.com
2026;C;57;;;;MONTAIGU;X;;Double Mixte Arc Classique;1285121;LES ARCHERS DE LA DIGUE;MONTAIGU-VEND╔E;462;435;0;448;archersdeladigue.president@gmail.com
2026;C;61;;;;CHOLET TAC;X;;Double Mixte Arc Classique;1249050;TIR A L ARC CHOLETAIS;CHOLET;469;235;0;352;alexis.garnier49@gmail.com
2026;C;87;;;;CHANGE;X;;Double Mixte Arc Classique;1253078;LES ARCHERS DE L'US CHANGE;CHANG╔;358;0;0;179;uschangetiralarc@gmail.com
2026;C;15;;;;VALLET;X;;Double Mixte Arc Droit;1244031;ARC NATURE VALLETAIS;VALLET;373;347;0;360;arcnaturevalletais2.0@gmail.com
2026;C;24;;;;VERTOU;X;;Double Mixte Arc Droit;1244041;CIE ARCHERS DE VERTOU;SAINT-S╔BASTIEN-SUR-LOIRE;307;273;0;290;bureau@vertouarc.fr
2026;C;12;;;;CARQUEFOU;X;;Double Mixte Arc Ó Poulies;1244009;ARCHERS DE L'ERDRE;CARQUEFOU;761;755;0;758;ioan.legue@gmail.com
2026;C;16;;Oui;;LA TURBALLE;X;;Double Mixte Arc Ó Poulies;1244036;LES FLECHES TURBALLAISES;LA TURBALLE;755;748;0;751;benjamin.jube44420@gmail.com
2026;C;18;;;;DONGES;X;;Double Mixte Arc Ó Poulies;1244010;CIE LES FLECHES DONGEOISES;DONGES;750;749;0;749;romualdcadoret@gmail.com
2026;C;30;;;;LE GENEST ST ISLE;X;;Double Mixte Arc Ó Poulies;1253081;UNION SPORTIVE GENESTOISE;LE GENEST-SAINT-ISLE;732;723;0;727;emiliemoreau53@yahoo.fr
2026;C;55;;;;GUERANDE;X;;Double Mixte Arc Ó Poulies;1244001;CIE D ARC DE GUERANDE;GU╔RANDE;673;667;0;670;melanieboquet@gmail.com
2026;C;62;;;;PORNIC;X;;Double Mixte Arc Ó Poulies;1244046;LES ARCHERS PORNICAIS;PORNIC;659;631;0;645;les.archers.pornicais@gmail.com
2026;C;72;;;;LE MANS MAINE;X;;Double Mixte Arc Ó Poulies;1272108;ARC DU MAINE (LE MANS);LE MANS;588;559;0;573;contacts@arcdumaine.fr
2026;C;82;;;;LA GARNACHE;X;;Double Mixte Arc Ó Poulies;1285113;LES GARNA'ARCHERS;LA GARNACHE;711;0;0;355;chiron.couthouis@gmail.com
2026;C;108;;;;CHOLET TAC;X;;Double Mixte Arc Ó Poulies;1249050;TIR A L ARC CHOLETAIS;CHOLET;433;0;0;216;alexis.garnier49@gmail.com
2026;3;34;;;;ST HERBLAIN;H;;Homme Equipe Tir sur cibles 3D;1244002;ARCHERS DE ST HERBLAIN;SAINT-HERBLAIN;1078;1078;1060;1078;president.ash@gmail.com
2026;3;62;;;;BOULOIRE;H;;Homme Equipe Tir sur cibles 3D;1272093;CIE ARCHERS BOIS DES VALLEES;BOULOIRE;1038;984;0;1011;archersduboisdesvallees@gmail.com
2026;3;71;;;;VALLET;H;;Homme Equipe Tir sur cibles 3D;1244031;ARC NATURE VALLETAIS;VALLET;1072;898;0;985;arcnaturevalletais2.0@gmail.com
2026;3;111;;;;SAUMUR;H;;Homme Equipe Tir sur cibles 3D;1249066;JEANNE D'ARC DE SAUMUR TIR A L'ARC;SAUMUR;1044;0;0;522;patrickmartin49@orange.fr
2026;3;126;;;;LES MAGNILS REIGNIERS;H;;Homme Equipe Tir sur cibles 3D;1285130;ARCHERS DE LA CHOUANNERIE;CHASNAIS;908;0;0;454;archersdelachouannerie@outlook.fr
2026;3;128;;;;GROSBREUIL;H;;Homme Equipe Tir sur cibles 3D;1285124;ARCHERS DE GROSBREUIL;GROSBREUIL;886;0;0;443;archersdegrosbreuil@orange.fr
2026;3;145;;;;GUERANDE;H;;Homme Equipe Tir sur cibles 3D;1244001;CIE D ARC DE GUERANDE;GU╔RANDE;763;0;0;381;melanieboquet@gmail.com
2026;3;48;;;;LES MAGNILS REIGNIERS;F;;Femme Equipe Tir sur cibles 3D;1285130;ARCHERS DE LA CHOUANNERIE;CHASNAIS;696;0;0;348;archersdelachouannerie@outlook.fr
2026;3;49;;;;SAUMUR;X;;Double Mixte Arc Nu;1249066;JEANNE D'ARC DE SAUMUR TIR A L'ARC;SAUMUR;661;637;0;649;patrickmartin49@orange.fr
2026;3;142;;;;LES SABLES D'OLONNE;X;;Double Mixte Arc Nu;1285132;LES ARCHERS SABLAIS;OLONNE SUR MER;648;0;0;324;archers.sablais@gmail.com
2026;3;149;;;;VALLET;X;;Double Mixte Arc Nu;1244031;ARC NATURE VALLETAIS;VALLET;616;0;0;308;arcnaturevalletais2.0@gmail.com
2026;3;172;;;;LES MAGNILS REIGNIERS;X;;Double Mixte Arc Nu;1285130;ARCHERS DE LA CHOUANNERIE;CHASNAIS;490;0;0;245;archersdelachouannerie@outlook.fr
2026;3;178;;;;LE MANS NATURE;X;;Double Mixte Arc Nu;1272103;ASSO NOUVELLE DES ARCHERS DE LA NATURE - LE MANS;LE MANS;445;0;0;222;didier.tollet0277@orange.fr
2026;3;19;;;;ST HERBLAIN;X;;Double Mixte Arc Droit;1244002;ARCHERS DE ST HERBLAIN;SAINT-HERBLAIN;587;463;0;525;president.ash@gmail.com
2026;3;44;;;;VALLET;X;;Double Mixte Arc Droit;1244031;ARC NATURE VALLETAIS;VALLET;471;411;0;441;arcnaturevalletais2.0@gmail.com
2026;3;66;;;;BOULOIRE;X;;Double Mixte Arc Droit;1272093;CIE ARCHERS BOIS DES VALLEES;BOULOIRE;396;333;0;364;archersduboisdesvallees@gmail.com
2026;3;83;;;;LES MAGNILS REIGNIERS;X;;Double Mixte Arc Droit;1285130;ARCHERS DE LA CHOUANNERIE;CHASNAIS;483;0;0;241;archersdelachouannerie@outlook.fr
2026;3;126;;;;BEAUVOIR SUR MER;X;;Double Mixte Arc Chasse;1285123;LES ARCHERS DU PAYS DU GOIS;BEAUVOIR-SUR-MER;292;0;0;146;archers-du-pays-du-gois@laposte.net
2026;3;5;;;;DONGES;X;;Double Mixte Arc Libre;1244010;CIE LES FLECHES DONGEOISES;DONGES;962;956;0;959;romualdcadoret@gmail.com
2026;3;9;;Oui;;LA TURBALLE;X;;Double Mixte Arc Libre;1244036;LES FLECHES TURBALLAISES;LA TURBALLE;946;939;0;942;benjamin.jube44420@gmail.com
2026;3;77;;;;PORNIC;X;;Double Mixte Arc Libre;1244046;LES ARCHERS PORNICAIS;PORNIC;730;0;0;365;les.archers.pornicais@gmail.com
2026;3;81;;;;NANTES;X;;Double Mixte Arc Libre;1244044;ARCHERS NANTAIS;NANTES;689;0;0;344;secretariat.archersnantais@gmail.com
2026;3;87;;;;LES MAGNILS REIGNIERS;X;;Double Mixte Arc Libre;1285130;ARCHERS DE LA CHOUANNERIE;CHASNAIS;612;0;0;306;archersdelachouannerie@outlook.fr
2026;3;95;;;;REZE;X;;Double Mixte Arc Libre;1244018;LA FLECHE RAGONNAISE;REZE;468;0;0;234;presidence.flecheragonnaise@gmail.com
2026;N;32;;;;BOULOIRE;H;;Homme Equipe Parcours Nature;1272093;CIE ARCHERS BOIS DES VALLEES;BOULOIRE;1810;1765;1750;1787;archersduboisdesvallees@gmail.com
2026;N;55;;Oui;;ST HERBLAIN;H;;Homme Equipe Parcours Nature;1244002;ARCHERS DE ST HERBLAIN;SAINT-HERBLAIN;1700;1655;1380;1677;president.ash@gmail.com
2026;N;67;;Oui;;VALLET;H;;Homme Equipe Parcours Nature;1244031;ARC NATURE VALLETAIS;VALLET;1595;1570;0;1582;arcnaturevalletais2.0@gmail.com
2026;N;84;;;;LES MAGNILS REIGNIERS;H;;Homme Equipe Parcours Nature;1285130;ARCHERS DE LA CHOUANNERIE;CHASNAIS;1420;1140;0;1280;archersdelachouannerie@outlook.fr
2026;N;90;;;;SAUMUR;H;;Homme Equipe Parcours Nature;1249066;JEANNE D'ARC DE SAUMUR TIR A L'ARC;SAUMUR;1745;0;0;872;patrickmartin49@orange.fr
2026;N;102;;;;GROSBREUIL;H;;Homme Equipe Parcours Nature;1285124;ARCHERS DE GROSBREUIL;GROSBREUIL;1455;0;0;727;archersdegrosbreuil@orange.fr
2026;N;114;;;;LA GARNACHE;H;;Homme Equipe Parcours Nature;1285113;LES GARNA'ARCHERS;LA GARNACHE;1250;0;0;625;chiron.couthouis@gmail.com
2026;N;30;;;;LES MAGNILS REIGNIERS;F;;Femme Equipe Parcours Nature;1285130;ARCHERS DE LA CHOUANNERIE;CHASNAIS;1090;990;0;1040;archersdelachouannerie@outlook.fr
